campaign_id,channel,campaign_type,date,spend,impressions,clicks,leads,customers_acquired,revenue
CMP0001,Facebook Ads,Brand Awareness,2025-04-17,6281.59,413397,13349,934,175,25706.33
CMP0002,Google Ads,Lead Gen,2025-09-15,5831.59,503342,5053,1255,295,68264.02
CMP0003,Instagram,Brand Awareness,2025-02-28,3318.92,108860,6388,616,47,12808.09
CMP0004,Facebook Ads,Product Launch,2025-05-11,6907.54,489181,15910,837,278,69870.96
CMP0005,YouTube,Brand Awareness,2025-04-02,3633.19,135598,4713,268,86,12598.99
CMP0006,YouTube,Lead Gen,2025-02-23,4464.34,183445,10727,2199,729,299866.34
CMP0007,Referral,Retargeting,2025-09-09,552.77,27373,805,83,24,3936.11
CMP0008,Facebook Ads,Brand Awareness,2025-02-10,2510.93,100226,1080,145,24,3012.28
CMP0009,Google Ads,Brand Awareness,2025-06-12,6363.37,422257,23779,4285,1390,517073.19
CMP0010,Instagram,Product Launch,2025-03-03,2736.43,201883,8454,1922,368,32387.08
CMP0011,Instagram,Brand Awareness,2025-08-06,2040.68,92573,1112,213,17,3210.13
CMP0012,Instagram,Product Launch,2025-04-06,5625.03,215775,8678,1370,151,65191.0
CMP0013,Google Ads,Lead Gen,2025-03-07,5069.96,242029,3696,522,60,13844.84
CMP0014,YouTube,Retargeting,2025-08-19,7273.26,336955,14281,715,111,15306.47
CMP0015,Google Ads,Brand Awareness,2025-06-14,5601.0,258568,5741,480,55,13807.91
CMP0016,Referral,Brand Awareness,2025-02-21,2125.63,152574,6959,554,193,32060.98
CMP0017,Facebook Ads,Lead Gen,2025-08-12,7284.47,323238,5574,824,284,39688.49
CMP0018,Google Ads,Product Launch,2025-05-03,2088.85,163323,5473,1350,229,92726.17
CMP0019,Instagram,Product Launch,2025-07-06,1654.84,53693,2123,393,21,4565.54
CMP0020,Facebook Ads,Brand Awareness,2025-05-08,4238.46,340189,14895,2934,330,89566.22
CMP0021,Facebook Ads,Product Launch,2025-04-22,4530.57,279894,6183,424,135,56537.91
CMP0022,Instagram,Brand Awareness,2025-04-09,5662.79,457551,24166,3163,1000,439413.75
CMP0023,Facebook Ads,Lead Gen,2025-04-14,4930.15,150625,2270,414,21,2104.09
CMP0024,Referral,Retargeting,2025-07-27,7956.77,322690,3518,523,54,10709.38
CMP0025,Google Ads,Brand Awareness,2025-05-08,4632.81,165022,4684,482,59,24327.7
CMP0026,Referral,Product Launch,2025-01-27,6399.53,384984,14954,2220,241,72533.67
CMP0027,Google Ads,Product Launch,2025-02-18,540.11,48433,1622,171,53,20823.79
CMP0028,Email,Brand Awareness,2025-06-30,4663.88,414245,5703,633,67,9481.33
CMP0029,YouTube,Brand Awareness,2025-08-11,6784.86,582147,7871,722,181,29497.75
CMP0030,YouTube,Lead Gen,2025-04-14,5636.72,406683,11376,1236,361,148417.7
CMP0031,Email,Product Launch,2025-02-05,6426.7,443428,19997,4182,1325,215775.13
CMP0032,YouTube,Product Launch,2025-08-03,5441.8,270398,4800,1182,356,124025.07
CMP0033,YouTube,Lead Gen,2025-02-23,4389.24,217702,11188,1167,396,97558.57
CMP0034,Facebook Ads,Lead Gen,2025-02-16,5656.2,216639,3604,879,232,11108.18
CMP0035,Google Ads,Product Launch,2025-02-27,811.96,25593,1487,322,83,14587.0
CMP0036,Instagram,Retargeting,2025-04-06,4483.97,326772,14054,1489,500,169955.07
CMP0037,Referral,Brand Awareness,2025-09-04,572.19,36598,656,48,7,419.88
CMP0038,Referral,Lead Gen,2025-07-23,333.86,25307,1274,151,28,6960.14
CMP0039,Referral,Brand Awareness,2025-04-10,553.37,29039,1199,180,55,14530.31
CMP0040,YouTube,Brand Awareness,2025-06-09,7533.8,486144,14296,2554,478,141495.05
CMP0041,Google Ads,Brand Awareness,2025-06-17,7261.74,303159,4082,286,15,1142.82
CMP0042,Instagram,Lead Gen,2025-09-21,3206.09,227301,6144,627,124,36906.65
CMP0043,Google Ads,Brand Awareness,2025-08-05,6467.15,303452,5726,1145,334,141041.69
CMP0044,YouTube,Brand Awareness,2025-04-06,2858.27,245369,12985,1763,485,141142.53
CMP0045,Instagram,Brand Awareness,2025-03-03,4073.18,217414,5409,378,24,11436.93
CMP0046,Instagram,Retargeting,2025-07-25,5478.81,322982,11191,745,57,16166.49
CMP0047,Email,Product Launch,2025-02-22,6374.32,493226,7181,1069,71,17835.62
CMP0048,Email,Retargeting,2025-05-26,7755.49,552825,28662,6402,1930,358191.76
CMP0049,Instagram,Lead Gen,2025-05-02,1343.52,81685,1769,294,90,31845.19
CMP0050,Instagram,Brand Awareness,2025-05-12,2931.7,212521,7243,909,237,29849.51
CMP0051,Referral,Retargeting,2025-06-22,288.56,16771,214,15,1,323.82
CMP0052,Email,Product Launch,2025-07-09,3321.74,194862,2756,429,77,32488.25
CMP0053,Email,Brand Awareness,2025-05-29,538.53,46032,2575,259,66,3693.97
CMP0054,Instagram,Lead Gen,2025-05-23,3745.42,253390,9936,2287,145,24866.17
CMP0055,Referral,Product Launch,2025-06-05,2818.15,113235,4794,611,72,9652.85
CMP0056,Facebook Ads,Product Launch,2025-05-25,2382.16,130238,5227,544,48,3564.62
CMP0057,Google Ads,Product Launch,2025-07-16,4984.64,274626,15553,3471,220,9189.68
CMP0058,Instagram,Lead Gen,2025-08-12,7885.23,414797,19694,2532,756,168297.21
CMP0059,Instagram,Retargeting,2025-01-06,5595.37,347253,16492,3836,865,310740.83
CMP0060,Google Ads,Brand Awareness,2025-03-26,3714.24,140210,8090,1385,164,52405.2
CMP0061,Facebook Ads,Retargeting,2025-03-13,373.04,22341,755,163,23,9830.76
CMP0062,Referral,Lead Gen,2025-09-08,3347.17,127329,1456,292,68,19462.03
CMP0063,Referral,Product Launch,2025-09-09,7847.61,521750,21825,3513,271,90599.96
CMP0064,Instagram,Product Launch,2025-01-30,5052.28,412982,23736,1884,617,131284.88
CMP0065,Email,Lead Gen,2025-09-19,4042.42,201009,8376,821,59,4360.11
CMP0066,Google Ads,Lead Gen,2025-01-08,1604.52,115188,3522,791,161,71638.39
CMP0067,Google Ads,Retargeting,2025-01-05,2891.64,147060,1704,272,57,11593.41
CMP0068,Instagram,Lead Gen,2025-08-06,5585.08,180726,9030,1585,118,52864.73
CMP0069,Email,Brand Awareness,2025-01-26,6972.75,244541,9748,2410,508,187876.03
CMP0070,Facebook Ads,Retargeting,2025-03-19,3807.77,285004,3372,338,89,35514.59
CMP0071,Facebook Ads,Brand Awareness,2025-08-15,3297.88,119687,5609,484,106,33827.1
CMP0072,Referral,Product Launch,2025-01-25,7146.11,468895,20610,4283,854,59181.02
CMP0073,YouTube,Retargeting,2025-09-21,4774.98,304966,8825,1036,331,84148.3
CMP0074,Google Ads,Brand Awareness,2025-08-17,7482.8,227866,4845,596,117,37725.65
CMP0075,Referral,Retargeting,2025-06-01,7194.77,250478,9073,1198,412,31178.39
CMP0076,Facebook Ads,Retargeting,2025-01-04,241.34,21359,737,143,42,13841.48
CMP0077,YouTube,Retargeting,2025-06-22,6202.04,255664,6694,904,182,20605.84
CMP0078,YouTube,Lead Gen,2025-02-07,4733.66,185851,6329,990,64,9433.28
CMP0079,YouTube,Product Launch,2025-01-13,5539.66,195395,3310,167,14,3279.92
CMP0080,Google Ads,Lead Gen,2025-04-05,7450.33,594813,34648,2593,698,256036.67
CMP0081,Google Ads,Brand Awareness,2025-03-01,6766.26,259731,12925,1167,115,12797.3
CMP0082,Google Ads,Lead Gen,2025-03-03,2998.88,247803,7340,1565,284,52223.95
CMP0083,Referral,Brand Awareness,2025-01-23,3622.21,234172,6502,834,174,9429.32
CMP0084,Google Ads,Lead Gen,2025-05-14,2795.96,206433,9224,768,240,61258.42
CMP0085,Google Ads,Product Launch,2025-06-06,1383.06,67359,1510,300,18,5224.18
CMP0086,Google Ads,Lead Gen,2025-04-28,6605.81,242023,12663,956,161,50230.27
CMP0087,Facebook Ads,Product Launch,2025-06-22,5816.28,398234,17800,2822,354,54370.66
CMP0088,YouTube,Product Launch,2025-02-07,1973.34,109354,2667,461,149,11414.55
CMP0089,Instagram,Retargeting,2025-04-14,7002.57,601710,23019,4358,1423,398879.76
CMP0090,Facebook Ads,Retargeting,2025-02-20,5944.27,511575,28790,4035,338,164704.77
CMP0091,Referral,Retargeting,2025-01-01,6985.19,427006,16893,2192,145,27271.63
CMP0092,Email,Lead Gen,2025-03-04,3433.14,280868,15770,2257,438,183825.61
CMP0093,Google Ads,Product Launch,2025-09-08,1298.68,52704,1840,246,79,14677.29
CMP0094,Referral,Lead Gen,2025-06-05,1858.91,113226,6655,943,204,79184.79
CMP0095,Instagram,Retargeting,2025-09-14,2617.51,140924,4416,927,143,33424.18
CMP0096,Email,Lead Gen,2025-05-24,4605.76,156331,7625,1072,222,45448.67
CMP0097,Referral,Retargeting,2025-05-12,1619.04,132287,7580,944,123,35093.63
CMP0098,Facebook Ads,Product Launch,2025-06-27,6962.55,379313,14256,1436,156,38531.34
CMP0099,Instagram,Retargeting,2025-08-17,1592.65,110155,2413,168,20,7385.1
CMP0100,Google Ads,Product Launch,2025-06-14,1300.44,70722,1852,124,29,10863.43
CMP0101,Email,Retargeting,2025-02-05,5214.82,376701,20918,3659,551,193099.63
CMP0102,Facebook Ads,Product Launch,2025-09-18,2892.5,221073,6220,1382,160,75735.24
CMP0103,Instagram,Lead Gen,2025-06-07,4001.96,334856,16740,2260,128,18496.79
CMP0104,Email,Brand Awareness,2025-07-20,1286.98,103081,6104,946,96,11389.14
CMP0105,YouTube,Product Launch,2025-02-11,4696.83,218136,8225,1482,443,42620.98
CMP0106,Email,Retargeting,2025-05-14,5911.04,266255,11090,1650,366,132163.35
CMP0107,Referral,Lead Gen,2025-02-15,566.33,22640,1061,70,16,2040.15
CMP0108,Google Ads,Product Launch,2025-06-13,5808.56,277807,10645,1545,384,172542.89
CMP0109,Instagram,Lead Gen,2025-02-05,4410.77,175199,9123,2000,673,67472.5
CMP0110,YouTube,Brand Awareness,2025-03-14,786.07,57926,2014,377,68,10115.22
CMP0111,Email,Product Launch,2025-06-21,7748.06,234884,3559,401,117,54914.39
CMP0112,Instagram,Retargeting,2025-01-12,4426.83,364667,16997,3591,889,315347.45
CMP0113,Instagram,Lead Gen,2025-03-30,5243.99,375419,4722,868,54,17382.27
CMP0114,YouTube,Brand Awareness,2025-03-27,7340.81,235175,10552,1155,378,188016.6
CMP0115,YouTube,Retargeting,2025-04-13,488.66,32142,691,51,3,893.91
CMP0116,Facebook Ads,Retargeting,2025-01-15,6471.02,403171,17369,3431,706,165927.78
CMP0117,YouTube,Retargeting,2025-08-15,6986.77,218519,11742,1829,606,256305.26
CMP0118,Facebook Ads,Brand Awareness,2025-09-02,3942.29,255639,6029,781,60,10277.84
CMP0119,Instagram,Lead Gen,2025-06-26,1061.7,54441,1326,144,17,702.76
CMP0120,Referral,Retargeting,2025-03-14,1053.85,56378,914,220,63,9000.1
